"Año","Mes","lon","lat","ID Estado","Estado","Ciudad","Precio.promedio"
2017,1,2896383.38241936,533867.521866542,12,"Guerrero","Acapulco de Juárez",17.65
2017,1,2470407.27670716,1096463.03352441,1,"Aguascalientes","Aguascalientes",17.93
2017,1,2808354.16207239,820000.070810204,9,"Ciudad de México","Área Metropolitana de la Ciudad de México",18.1837037037037
2017,1,3696713.03075761,917681.049383228,4,"Campeche","Campeche",17.42
2017,1,2601259.6726517,1917420.95398455,5,"Coahuila de Zaragoza","Ciudad Acuña",17.2766666666667
2017,1,2128946.73506821,2134804.33478912,8,"Chihuahua","Ciudad Juárez",16.898
2017,1,3941497.41072577,793698.708167601,23,"Quintana Roo","Chetumal",17.67
2017,1,2101738.43984667,1848371.74595512,8,"Chihuahua","Chihuahua",18.08
2017,1,2319645.58177018,805748.229520169,6,"Colima","Colima",17.9
2017,1,3031934.92607954,775293.184192847,30,"Veracruz de Ignacio de la Llave","Córdoba",17.39
2017,1,2608204.19945602,941888.331500057,11,"Guanajuato","Cortazar",17.86
2017,1,2791114.5052991,774501.176808203,17,"Morelos","Cuernavaca",17.7
2017,1,1956210.22758575,1427305.21190799,25,"Sinaloa","Culiacán Rosales",18.01
2017,1,2231692.26181263,1334963.818951,10,"Durango","Victoria de Durango",18.04
2017,1,2411182.74425444,1239414.14127632,32,"Zacatecas","Fresnillo",17.9
2017,1,2361147.86663081,963499.484024917,14,"Jalisco","Guadalajara",18.4009090909091
2017,1,1627957.24036531,1917722.97151725,26,"Sonora","Hermosillo",17.83
2017,1,1743835.81743211,1661269.80620711,26,"Sonora","Huatabampo",18
2017,1,2760622.6918133,708127.162180339,12,"Guerrero","Iguala de la Independencia",17.74
2017,1,2467343.99741125,883303.938341952,16,"Michoacan de Ocampo","Jacona de Plancarte",18.06
2017,1,2136102.36450172,1657270.01050409,8,"Chihuahua","Jiménez",18.28
2017,1,1664340.38197233,1293128.47522497,3,"Baja California Sur","La Paz",17.76
2017,1,2535205.54402173,1012114.65148421,11,"Guanajuato","León de los Aldama",17.86
2017,1,2947882.28887636,1540622.47741853,28,"Tamaulipas","Matamoros",17.065
2017,1,3794034.2252253,988808.835233028,31,"Yucatan","Mérida",17.19
2017,1,1230401.61821548,2343847.18793759,2,"Baja California","Mexicali",17.95
2017,1,2557245.81149997,1650039.48973007,5,"Coahuila de Zaragoza","Monclova",17.8
2017,1,2668509.67675272,1514136.17695389,19,"Nuevo León","Ciudad Monterrey",18.19
2017,1,2583419.43164608,855908.907037127,16,"Michoacan de Ocampo","Morelia",17.91
2017,1,3061130.5415602,576349.308224229,20,"Oaxaca","Oaxaca de Juárez",17.68
2017,1,2898744.65799284,787955.881391861,21,"Puebla","Puebla",17.55
2017,1,2665674.3457233,956584.807977641,22,"Queretaro","Santiago de Querétaro",17.79
2017,1,3215395.82108377,734169.337712915,31,"Veracruz de Ignacio de la Llave","San Andrés Tuxtla",17.87
2017,1,2606661.83108613,1124653.85352621,24,"San Luis Potosi","San Luis Potosí",17.73
2017,1,2920333.59535052,1145769.53902347,28,"Tamaulipas","Tampico",17.14
2017,1,3552237.02912155,359973.88281355,7,"Chiapas","Tapachula de Córdova y Ordóñez",17.72
2017,1,3223657.2254595,498907.911933251,20,"Oaxaca","Santo Domingo Tehuantepec",17.51
2017,1,2420684.25036975,978427.291168657,14,"Jalisco","Tepatitlán de Morelos",18.41
2017,1,2202349.51711982,1057049.66137212,18,"Nayarit","Tepic",18.1
2017,1,1086040.24633532,2344505.0789417,2,"Baja California","Tijuana",17.81
2017,1,2894164.25183292,816749.977672606,29,"Tlaxcala","Tlaxcala de Xicohténcatl",17.55
2017,1,2746870.05917986,812900.272833679,15,"México","Toluca de Lerdo",17.74
2017,1,2359312.36095972,1500195.40690869,5,"Coahuila de Zaragoza","Torreón",17.9
2017,1,2878680.20057653,903070.018340528,13,"Hidalgo","Tulancingo",17.56
2017,1,3156089.77095483,737863.131804823,30,"Veracruz de Ignacio de la Llave","Veracruz",17.11
2017,1,3458492.94141412,697228.698776753,27,"Tabasco","Villahermosa",17.34
2017,2,2896383.38241936,533867.521866542,12,"Guerrero","Acapulco de Juárez",17.6492857142857
2017,2,2470407.27670716,1096463.03352441,1,"Aguascalientes","Aguascalientes",17.89625
2017,2,2808354.16207239,820000.070810204,9,"Ciudad de México","Área Metropolitana de la Ciudad de México",18.167037037037
2017,2,3696713.03075761,917681.049383228,4,"Campeche","Campeche",17.429
2017,2,2601259.6726517,1917420.95398455,5,"Coahuila de Zaragoza","Ciudad Acuña",16.975
2017,2,2128946.73506821,2134804.33478912,8,"Chihuahua","Ciudad Juárez",15.33375
2017,2,3941497.41072577,793698.708167601,23,"Quintana Roo","Chetumal",17.66
2017,2,2101738.43984667,1848371.74595512,8,"Chihuahua","Chihuahua",18.0683333333333
2017,2,2319645.58177018,805748.229520169,6,"Colima","Colima",17.886
2017,2,3031934.92607954,775293.184192847,30,"Veracruz de Ignacio de la Llave","Córdoba",17.375
2017,2,2608204.19945602,941888.331500057,11,"Guanajuato","Cortazar",17.845
2017,2,2791114.5052991,774501.176808203,17,"Morelos","Cuernavaca",17.685
2017,2,1956210.22758575,1427305.21190799,25,"Sinaloa","Culiacán Rosales",17.985
2017,2,2231692.26181263,1334963.818951,10,"Durango","Victoria de Durango",18.0258333333333
2017,2,2411182.74425444,1239414.14127632,32,"Zacatecas","Fresnillo",17.88
2017,2,2361147.86663081,963499.484024917,14,"Jalisco","Guadalajara",18.3881818181818
2017,2,1627957.24036531,1917722.97151725,26,"Sonora","Hermosillo",17.815
2017,2,1743835.81743211,1661269.80620711,26,"Sonora","Huatabampo",17.995
2017,2,2760622.6918133,708127.162180339,12,"Guerrero","Iguala de la Independencia",17.72
2017,2,2467343.99741125,883303.938341952,16,"Michoacan de Ocampo","Jacona de Plancarte",18.0466666666667
2017,2,2136102.36450172,1657270.01050409,8,"Chihuahua","Jiménez",18.2675
2017,2,1664340.38197233,1293128.47522497,3,"Baja California Sur","La Paz",17.7307692307692
2017,2,2535205.54402173,1012114.65148421,11,"Guanajuato","León de los Aldama",17.84625
2017,2,2947882.28887636,1540622.47741853,28,"Tamaulipas","Matamoros",16.8475
2017,2,3794034.2252253,988808.835233028,31,"Yucatan","Mérida",17.175
2017,2,1230401.61821548,2343847.18793759,2,"Baja California","Mexicali",17.93625
2017,2,2557245.81149997,1650039.48973007,5,"Coahuila de Zaragoza","Monclova",17.79375
2017,2,2668509.67675272,1514136.17695389,19,"Nuevo León","Ciudad Monterrey",18.173
2017,2,2583419.43164608,855908.907037127,16,"Michoacan de Ocampo","Morelia",17.895
2017,2,3061130.5415602,576349.308224229,20,"Oaxaca","Oaxaca de Juárez",17.6666666666667
2017,2,2898744.65799284,787955.881391861,21,"Puebla","Puebla",17.5329411764706
2017,2,2665674.3457233,956584.807977641,22,"Queretaro","Santiago de Querétaro",17.7771428571429
2017,2,3215395.82108377,734169.337712915,31,"Veracruz de Ignacio de la Llave","San Andrés Tuxtla",17.8675
2017,2,2606661.83108613,1124653.85352621,24,"San Luis Potosi","San Luis Potosí",17.7188888888889
2017,2,2920333.59535052,1145769.53902347,28,"Tamaulipas","Tampico",17.18
2017,2,3552237.02912155,359973.88281355,7,"Chiapas","Tapachula de Córdova y Ordóñez",17.70375
2017,2,3223657.2254595,498907.911933251,20,"Oaxaca","Santo Domingo Tehuantepec",17.49
2017,2,2420684.25036975,978427.291168657,14,"Jalisco","Tepatitlán de Morelos",18.405
2017,2,2202349.51711982,1057049.66137212,18,"Nayarit","Tepic",18.0855555555556
2017,2,1086040.24633532,2344505.0789417,2,"Baja California","Tijuana",17.7966666666667
2017,2,2894164.25183292,816749.977672606,29,"Tlaxcala","Tlaxcala de Xicohténcatl",17.5383333333333
2017,2,2746870.05917986,812900.272833679,15,"México","Toluca de Lerdo",17.725
2017,2,2359312.36095972,1500195.40690869,5,"Coahuila de Zaragoza","Torreón",17.8891666666667
2017,2,2878680.20057653,903070.018340528,13,"Hidalgo","Tulancingo",17.55
2017,2,3156089.77095483,737863.131804823,30,"Veracruz de Ignacio de la Llave","Veracruz",17.09
2017,2,3458492.94141412,697228.698776753,27,"Tabasco","Villahermosa",17.3233333333333
2017,3,2896383.38241936,533867.521866542,12,"Guerrero","Acapulco de Juárez",17.5664285714286
2017,3,2470407.27670716,1096463.03352441,1,"Aguascalientes","Aguascalientes",17.74625
2017,3,2808354.16207239,820000.070810204,9,"Ciudad de México","Área Metropolitana de la Ciudad de México",18.0707407407407
2017,3,3696713.03075761,917681.049383228,4,"Campeche","Campeche",17.312
2017,3,2601259.6726517,1917420.95398455,5,"Coahuila de Zaragoza","Ciudad Acuña",16.4475
2017,3,2128946.73506821,2134804.33478912,8,"Chihuahua","Ciudad Juárez",15.24375
2017,3,3941497.41072577,793698.708167601,23,"Quintana Roo","Chetumal",17.56
2017,3,2101738.43984667,1848371.74595512,8,"Chihuahua","Chihuahua",17.98
2017,3,2319645.58177018,805748.229520169,6,"Colima","Colima",17.796
2017,3,3031934.92607954,775293.184192847,30,"Veracruz de Ignacio de la Llave","Córdoba",17.27875
2017,3,2608204.19945602,941888.331500057,11,"Guanajuato","Cortazar",17.76
2017,3,2791114.5052991,774501.176808203,17,"Morelos","Cuernavaca",17.59
2017,3,1956210.22758575,1427305.21190799,25,"Sinaloa","Culiacán Rosales",17.82
2017,3,2231692.26181263,1334963.818951,10,"Durango","Victoria de Durango",17.955
2017,3,2411182.74425444,1239414.14127632,32,"Zacatecas","Fresnillo",17.78
2017,3,2361147.86663081,963499.484024917,14,"Jalisco","Guadalajara",18.29
2017,3,1627957.24036531,1917722.97151725,26,"Sonora","Hermosillo",17.7216666666667
2017,3,1743835.81743211,1661269.80620711,26,"Sonora","Huatabampo",17.89
2017,3,2760622.6918133,708127.162180339,12,"Guerrero","Iguala de la Independencia",17.63
2017,3,2467343.99741125,883303.938341952,16,"Michoacan de Ocampo","Jacona de Plancarte",17.9566666666667
2017,3,2136102.36450172,1657270.01050409,8,"Chihuahua","Jiménez",18.1725
2017,3,1664340.38197233,1293128.47522497,3,"Baja California Sur","La Paz",17.6538461538462
2017,3,2535205.54402173,1012114.65148421,11,"Guanajuato","León de los Aldama",17.75875
2017,3,2947882.28887636,1540622.47741853,28,"Tamaulipas","Matamoros",15.31375
2017,3,3794034.2252253,988808.835233028,31,"Yucatan","Mérida",17.0858333333333
2017,3,1230401.61821548,2343847.18793759,2,"Baja California","Mexicali",17.26875
2017,3,2557245.81149997,1650039.48973007,5,"Coahuila de Zaragoza","Monclova",17.695
2017,3,2668509.67675272,1514136.17695389,19,"Nuevo León","Ciudad Monterrey",18.084
2017,3,2583419.43164608,855908.907037127,16,"Michoacan de Ocampo","Morelia",17.8066666666667
2017,3,3061130.5415602,576349.308224229,20,"Oaxaca","Oaxaca de Juárez",17.5708333333333
2017,3,2898744.65799284,787955.881391861,21,"Puebla","Puebla",17.4329411764706
2017,3,2665674.3457233,956584.807977641,22,"Queretaro","Santiago de Querétaro",17.7014285714286
2017,3,3215395.82108377,734169.337712915,31,"Veracruz de Ignacio de la Llave","San Andrés Tuxtla",17.765
2017,3,2606661.83108613,1124653.85352621,24,"San Luis Potosi","San Luis Potosí",17.6222222222222
2017,3,2920333.59535052,1145769.53902347,28,"Tamaulipas","Tampico",17.096
2017,3,3552237.02912155,359973.88281355,7,"Chiapas","Tapachula de Córdova y Ordóñez",17.6175
2017,3,3223657.2254595,498907.911933251,20,"Oaxaca","Santo Domingo Tehuantepec",17.405
2017,3,2420684.25036975,978427.291168657,14,"Jalisco","Tepatitlán de Morelos",18.31
2017,3,2202349.51711982,1057049.66137212,18,"Nayarit","Tepic",17.9944444444444
2017,3,1086040.24633532,2344505.0789417,2,"Baja California","Tijuana",17.71
2017,3,2894164.25183292,816749.977672606,29,"Tlaxcala","Tlaxcala de Xicohténcatl",17.4483333333333
2017,3,2746870.05917986,812900.272833679,15,"México","Toluca de Lerdo",17.6425
2017,3,2359312.36095972,1500195.40690869,5,"Coahuila de Zaragoza","Torreón",17.7983333333333
2017,3,2878680.20057653,903070.018340528,13,"Hidalgo","Tulancingo",17.46
2017,3,3156089.77095483,737863.131804823,30,"Veracruz de Ignacio de la Llave","Veracruz",17.0066666666667
2017,3,3458492.94141412,697228.698776753,27,"Tabasco","Villahermosa",17.2366666666667
2017,4,2896383.38241936,533867.521866542,12,"Guerrero","Acapulco de Juárez",17.54
2017,4,2470407.27670716,1096463.03352441,1,"Aguascalientes","Aguascalientes",17.75
2017,4,2808354.16207239,820000.070810204,9,"Ciudad de México","Área Metropolitana de la Ciudad de México",18.0444444444444
2017,4,3696713.03075761,917681.049383228,4,"Campeche","Campeche",17.305
2017,4,2601259.6726517,1917420.95398455,5,"Coahuila de Zaragoza","Ciudad Acuña",15.4675
2017,4,2128946.73506821,2134804.33478912,8,"Chihuahua","Ciudad Juárez",14.975
2017,4,3941497.41072577,793698.708167601,23,"Quintana Roo","Chetumal",17.555
2017,4,2101738.43984667,1848371.74595512,8,"Chihuahua","Chihuahua",17.9633333333333
2017,4,2319645.58177018,805748.229520169,6,"Colima","Colima",17.782
2017,4,3031934.92607954,775293.184192847,30,"Veracruz de Ignacio de la Llave","Córdoba",17.24875
2017,4,2608204.19945602,941888.331500057,11,"Guanajuato","Cortazar",17.75
2017,4,2791114.5052991,774501.176808203,17,"Morelos","Cuernavaca",17.5778571428571
2017,4,1956210.22758575,1427305.21190799,25,"Sinaloa","Culiacán Rosales",17.8958333333333
2017,4,2231692.26181263,1334963.818951,10,"Durango","Victoria de Durango",17.92
2017,4,2411182.74425444,1239414.14127632,32,"Zacatecas","Fresnillo",17.785
2017,4,2361147.86663081,963499.484024917,14,"Jalisco","Guadalajara",18.2627272727273
2017,4,1627957.24036531,1917722.97151725,26,"Sonora","Hermosillo",17.7091666666667
2017,4,1743835.81743211,1661269.80620711,26,"Sonora","Huatabampo",17.88
2017,4,2760622.6918133,708127.162180339,12,"Guerrero","Iguala de la Independencia",17.6325
2017,4,2467343.99741125,883303.938341952,16,"Michoacan de Ocampo","Jacona de Plancarte",17.94
2017,4,2136102.36450172,1657270.01050409,8,"Chihuahua","Jiménez",18.165
2017,4,1664340.38197233,1293128.47522497,3,"Baja California Sur","La Paz",17.6476923076923
2017,4,2535205.54402173,1012114.65148421,11,"Guanajuato","León de los Aldama",17.73375
2017,4,2947882.28887636,1540622.47741853,28,"Tamaulipas","Matamoros",14.72875
2017,4,3794034.2252253,988808.835233028,31,"Yucatan","Mérida",17.0741666666667
2017,4,1230401.61821548,2343847.18793759,2,"Baja California","Mexicali",17.21625
2017,4,2557245.81149997,1650039.48973007,5,"Coahuila de Zaragoza","Monclova",17.6775
2017,4,2668509.67675272,1514136.17695389,19,"Nuevo León","Ciudad Monterrey",18.068
2017,4,2583419.43164608,855908.907037127,16,"Michoacan de Ocampo","Morelia",17.8016666666667
2017,4,3061130.5415602,576349.308224229,20,"Oaxaca","Oaxaca de Juárez",17.55
2017,4,2898744.65799284,787955.881391861,21,"Puebla","Puebla",17.4188235294118
2017,4,2665674.3457233,956584.807977641,22,"Queretaro","Santiago de Querétaro",17.6671428571429
2017,4,3215395.82108377,734169.337712915,31,"Veracruz de Ignacio de la Llave","San Andrés Tuxtla",17.7375
2017,4,2606661.83108613,1124653.85352621,24,"San Luis Potosi","San Luis Potosí",17.6177777777778
2017,4,2920333.59535052,1145769.53902347,28,"Tamaulipas","Tampico",17.071
2017,4,3552237.02912155,359973.88281355,7,"Chiapas","Tapachula de Córdova y Ordóñez",17.59375
2017,4,3223657.2254595,498907.911933251,20,"Oaxaca","Santo Domingo Tehuantepec",17.3825
2017,4,2420684.25036975,978427.291168657,14,"Jalisco","Tepatitlán de Morelos",18.275
2017,4,2202349.51711982,1057049.66137212,18,"Nayarit","Tepic",17.9822222222222
2017,4,1086040.24633532,2344505.0789417,2,"Baja California","Tijuana",17.6766666666667
2017,4,2894164.25183292,816749.977672606,29,"Tlaxcala","Tlaxcala de Xicohténcatl",17.4325
2017,4,2746870.05917986,812900.272833679,15,"México","Toluca de Lerdo",17.6175
2017,4,2359312.36095972,1500195.40690869,5,"Coahuila de Zaragoza","Torreón",17.7883333333333
2017,4,2878680.20057653,903070.018340528,13,"Hidalgo","Tulancingo",17.435
2017,4,3156089.77095483,737863.131804823,30,"Veracruz de Ignacio de la Llave","Veracruz",16.9833333333333
2017,4,3458492.94141412,697228.698776753,27,"Tabasco","Villahermosa",17.2233333333333
2017,5,2896383.38241936,533867.521866542,12,"Guerrero","Acapulco de Juárez",17.484375
2017,5,2470407.27670716,1096463.03352441,1,"Aguascalientes","Aguascalientes",17.765625
2017,5,2808354.16207239,820000.070810204,9,"Ciudad de México","Área Metropolitana de la Ciudad de México",17.9653125
2017,5,3696713.03075761,917681.049383228,4,"Campeche","Campeche",17.2358333333333
2017,5,2601259.6726517,1917420.95398455,5,"Coahuila de Zaragoza","Ciudad Acuña",14.63
2017,5,2128946.73506821,2134804.33478912,8,"Chihuahua","Ciudad Juárez",14.8925
2017,5,3941497.41072577,793698.708167601,23,"Quintana Roo","Chetumal",17.485
2017,5,2101738.43984667,1848371.74595512,8,"Chihuahua","Chihuahua",17.8966666666667
2017,5,2319645.58177018,805748.229520169,6,"Colima","Colima",17.67
2017,5,3031934.92607954,775293.184192847,30,"Veracruz de Ignacio de la Llave","Córdoba",17.18125
2017,5,2608204.19945602,941888.331500057,11,"Guanajuato","Cortazar",17.698
2017,5,2791114.5052991,774501.176808203,17,"Morelos","Cuernavaca",17.5114285714286
2017,5,1956210.22758575,1427305.21190799,25,"Sinaloa","Culiacán Rosales",17.8275
2017,5,2231692.26181263,1334963.818951,10,"Durango","Victoria de Durango",17.8608333333333
2017,5,2411182.74425444,1239414.14127632,32,"Zacatecas","Fresnillo",17.73
2017,5,2361147.86663081,963499.484024917,14,"Jalisco","Guadalajara",18.1894117647059
2017,5,1627957.24036531,1917722.97151725,26,"Sonora","Hermosillo",17.6625
2017,5,1743835.81743211,1661269.80620711,26,"Sonora","Huatabampo",17.808
2017,5,2760622.6918133,708127.162180339,12,"Guerrero","Iguala de la Independencia",17.5525
2017,5,2467343.99741125,883303.938341952,16,"Michoacan de Ocampo","Jacona de Plancarte",17.8775
2017,5,2136102.36450172,1657270.01050409,8,"Chihuahua","Jiménez",18.11
2017,5,1664340.38197233,1293128.47522497,3,"Baja California Sur","La Paz",17.586
2017,5,2535205.54402173,1012114.65148421,11,"Guanajuato","León de los Aldama",17.65
2017,5,2947882.28887636,1540622.47741853,28,"Tamaulipas","Matamoros",14.62875
2017,5,3794034.2252253,988808.835233028,31,"Yucatan","Mérida",17.0075
2017,5,1230401.61821548,2343847.18793759,2,"Baja California","Mexicali",17.195
2017,5,2557245.81149997,1650039.48973007,5,"Coahuila de Zaragoza","Monclova",17.6011111111111
2017,5,2668509.67675272,1514136.17695389,19,"Nuevo León","Ciudad Monterrey",18.0075
2017,5,2583419.43164608,855908.907037127,16,"Michoacan de Ocampo","Morelia",17.7508333333333
2017,5,3061130.5415602,576349.308224229,20,"Oaxaca","Oaxaca de Juárez",17.4875
2017,5,2898744.65799284,787955.881391861,21,"Puebla","Puebla",17.354
2017,5,2665674.3457233,956584.807977641,22,"Queretaro","Santiago de Querétaro",17.6025
2017,5,3215395.82108377,734169.337712915,31,"Veracruz de Ignacio de la Llave","San Andrés Tuxtla",17.6775
2017,5,2606661.83108613,1124653.85352621,24,"San Luis Potosi","San Luis Potosí",17.5563636363636
2017,5,2920333.59535052,1145769.53902347,28,"Tamaulipas","Tampico",17.045
2017,5,3552237.02912155,359973.88281355,7,"Chiapas","Tapachula de Córdova y Ordóñez",17.53
2017,5,3223657.2254595,498907.911933251,20,"Oaxaca","Santo Domingo Tehuantepec",17.3475
2017,5,2420684.25036975,978427.291168657,14,"Jalisco","Tepatitlán de Morelos",18.194
2017,5,2202349.51711982,1057049.66137212,18,"Nayarit","Tepic",17.92
2017,5,1086040.24633532,2344505.0789417,2,"Baja California","Tijuana",17.6475
2017,5,2894164.25183292,816749.977672606,29,"Tlaxcala","Tlaxcala de Xicohténcatl",17.3675
2017,5,2746870.05917986,812900.272833679,15,"México","Toluca de Lerdo",17.5544444444444
2017,5,2359312.36095972,1500195.40690869,5,"Coahuila de Zaragoza","Torreón",17.7158333333333
2017,5,2878680.20057653,903070.018340528,13,"Hidalgo","Tulancingo",17.3775
2017,5,3156089.77095483,737863.131804823,30,"Veracruz de Ignacio de la Llave","Veracruz",16.98
2017,5,3458492.94141412,697228.698776753,27,"Tabasco","Villahermosa",17.16
2017,6,2896383.38241936,533867.521866542,12,"Guerrero","Acapulco de Juárez",17.36375
2017,6,2470407.27670716,1096463.03352441,1,"Aguascalientes","Aguascalientes",17.638125
2017,6,2808354.16207239,820000.070810204,9,"Ciudad de México","Área Metropolitana de la Ciudad de México",17.830625
2017,6,3696713.03075761,917681.049383228,4,"Campeche","Campeche",17.1141666666667
2017,6,2601259.6726517,1917420.95398455,5,"Coahuila de Zaragoza","Ciudad Acuña",14.51
2017,6,2128946.73506821,2134804.33478912,8,"Chihuahua","Ciudad Juárez",14.74875
2017,6,3941497.41072577,793698.708167601,23,"Quintana Roo","Chetumal",17.3625
2017,6,2101738.43984667,1848371.74595512,8,"Chihuahua","Chihuahua",17.79
2017,6,2319645.58177018,805748.229520169,6,"Colima","Colima",17.54125
2017,6,3031934.92607954,775293.184192847,30,"Veracruz de Ignacio de la Llave","Córdoba",17.05625
2017,6,2608204.19945602,941888.331500057,11,"Guanajuato","Cortazar",17.564
2017,6,2791114.5052991,774501.176808203,17,"Morelos","Cuernavaca",17.3764285714286
2017,6,1956210.22758575,1427305.21190799,25,"Sinaloa","Culiacán Rosales",17.6991666666667
2017,6,2231692.26181263,1334963.818951,10,"Durango","Victoria de Durango",17.7408333333333
2017,6,2411182.74425444,1239414.14127632,32,"Zacatecas","Fresnillo",17.6425
2017,6,2361147.86663081,963499.484024917,14,"Jalisco","Guadalajara",18.0647058823529
2017,6,1627957.24036531,1917722.97151725,26,"Sonora","Hermosillo",17.5841666666667
2017,6,1743835.81743211,1661269.80620711,26,"Sonora","Huatabampo",17.692
2017,6,2760622.6918133,708127.162180339,12,"Guerrero","Iguala de la Independencia",17.4725
2017,6,2467343.99741125,883303.938341952,16,"Michoacan de Ocampo","Jacona de Plancarte",17.755
2017,6,2136102.36450172,1657270.01050409,8,"Chihuahua","Jiménez",17.9975
2017,6,1664340.38197233,1293128.47522497,3,"Baja California Sur","La Paz",17.4513333333333
2017,6,2535205.54402173,1012114.65148421,11,"Guanajuato","León de los Aldama",17.5375
2017,6,2947882.28887636,1540622.47741853,28,"Tamaulipas","Matamoros",14.50375
2017,6,3794034.2252253,988808.835233028,31,"Yucatan","Mérida",16.8891666666667
2017,6,1230401.61821548,2343847.18793759,2,"Baja California","Mexicali",17.0875
2017,6,2557245.81149997,1650039.48973007,5,"Coahuila de Zaragoza","Monclova",17.4844444444444
2017,6,2668509.67675272,1514136.17695389,19,"Nuevo León","Ciudad Monterrey",17.894
2017,6,2583419.43164608,855908.907037127,16,"Michoacan de Ocampo","Morelia",17.6283333333333
2017,6,3061130.5415602,576349.308224229,20,"Oaxaca","Oaxaca de Juárez",17.3591666666667
2017,6,2898744.65799284,787955.881391861,21,"Puebla","Puebla",17.2335
2017,6,2665674.3457233,956584.807977641,22,"Queretaro","Santiago de Querétaro",17.48
2017,6,3215395.82108377,734169.337712915,31,"Veracruz de Ignacio de la Llave","San Andrés Tuxtla",17.55
2017,6,2606661.83108613,1124653.85352621,24,"San Luis Potosi","San Luis Potosí",17.4145454545455
2017,6,2920333.59535052,1145769.53902347,28,"Tamaulipas","Tampico",16.9225
2017,6,3552237.02912155,359973.88281355,7,"Chiapas","Tapachula de Córdova y Ordóñez",17.405
2017,6,3223657.2254595,498907.911933251,20,"Oaxaca","Santo Domingo Tehuantepec",17.185
2017,6,2420684.25036975,978427.291168657,14,"Jalisco","Tepatitlán de Morelos",18.066
2017,6,2202349.51711982,1057049.66137212,18,"Nayarit","Tepic",17.7984615384615
2017,6,1086040.24633532,2344505.0789417,2,"Baja California","Tijuana",17.7183333333333
2017,6,2894164.25183292,816749.977672606,29,"Tlaxcala","Tlaxcala de Xicohténcatl",17.2466666666667
2017,6,2746870.05917986,812900.272833679,15,"México","Toluca de Lerdo",17.41
2017,6,2359312.36095972,1500195.40690869,5,"Coahuila de Zaragoza","Torreón",17.5958333333333
2017,6,2878680.20057653,903070.018340528,13,"Hidalgo","Tulancingo",17.25
2017,6,3156089.77095483,737863.131804823,30,"Veracruz de Ignacio de la Llave","Veracruz",16.8541666666667
2017,6,3458492.94141412,697228.698776753,27,"Tabasco","Villahermosa",17.0233333333333
2017,7,2896383.38241936,533867.521866542,12,"Guerrero","Acapulco de Juárez",17.243125
2017,7,2470407.27670716,1096463.03352441,1,"Aguascalientes","Aguascalientes",17.5275
2017,7,2808354.16207239,820000.070810204,9,"Ciudad de México","Área Metropolitana de la Ciudad de México",17.7240625
2017,7,3696713.03075761,917681.049383228,4,"Campeche","Campeche",17.01
2017,7,2601259.6726517,1917420.95398455,5,"Coahuila de Zaragoza","Ciudad Acuña",14.395
2017,7,2128946.73506821,2134804.33478912,8,"Chihuahua","Ciudad Juárez",14.64375
2017,7,3941497.41072577,793698.708167601,23,"Quintana Roo","Chetumal",17.26
2017,7,2101738.43984667,1848371.74595512,8,"Chihuahua","Chihuahua",17.7333333333333
2017,7,2319645.58177018,805748.229520169,6,"Colima","Colima",17.435
2017,7,3031934.92607954,775293.184192847,30,"Veracruz de Ignacio de la Llave","Córdoba",16.94875
2017,7,2608204.19945602,941888.331500057,11,"Guanajuato","Cortazar",17.458
2017,7,2791114.5052991,774501.176808203,17,"Morelos","Cuernavaca",17.2707142857143
2017,7,1956210.22758575,1427305.21190799,25,"Sinaloa","Culiacán Rosales",17.59
2017,7,2231692.26181263,1334963.818951,10,"Durango","Victoria de Durango",17.6058333333333
2017,7,2411182.74425444,1239414.14127632,32,"Zacatecas","Fresnillo",17.495
2017,7,2361147.86663081,963499.484024917,14,"Jalisco","Guadalajara",17.9558823529412
2017,7,1627957.24036531,1917722.97151725,26,"Sonora","Hermosillo",17.5675
2017,7,1743835.81743211,1661269.80620711,26,"Sonora","Huatabampo",17.578
2017,7,2760622.6918133,708127.162180339,12,"Guerrero","Iguala de la Independencia",17.3725
2017,7,2467343.99741125,883303.938341952,16,"Michoacan de Ocampo","Jacona de Plancarte",17.64
2017,7,2136102.36450172,1657270.01050409,8,"Chihuahua","Jiménez",17.93
2017,7,1664340.38197233,1293128.47522497,3,"Baja California Sur","La Paz",17.3486666666667
2017,7,2535205.54402173,1012114.65148421,11,"Guanajuato","León de los Aldama",17.43
2017,7,2947882.28887636,1540622.47741853,28,"Tamaulipas","Matamoros",14.39625
2017,7,3794034.2252253,988808.835233028,31,"Yucatan","Mérida",16.7575
2017,7,1230401.61821548,2343847.18793759,2,"Baja California","Mexicali",17
2017,7,2557245.81149997,1650039.48973007,5,"Coahuila de Zaragoza","Monclova",17.3811111111111
2017,7,2668509.67675272,1514136.17695389,19,"Nuevo León","Ciudad Monterrey",17.842
2017,7,2583419.43164608,855908.907037127,16,"Michoacan de Ocampo","Morelia",17.5216666666667
2017,7,3061130.5415602,576349.308224229,20,"Oaxaca","Oaxaca de Juárez",17.2416666666667
2017,7,2898744.65799284,787955.881391861,21,"Puebla","Puebla",17.132
2017,7,2665674.3457233,956584.807977641,22,"Queretaro","Santiago de Querétaro",17.3708333333333
2017,7,3215395.82108377,734169.337712915,31,"Veracruz de Ignacio de la Llave","San Andrés Tuxtla",17.4475
2017,7,2606661.83108613,1124653.85352621,24,"San Luis Potosi","San Luis Potosí",17.31
2017,7,2920333.59535052,1145769.53902347,28,"Tamaulipas","Tampico",16.8266666666667
2017,7,3552237.02912155,359973.88281355,7,"Chiapas","Tapachula de Córdova y Ordóñez",17.29125
2017,7,3223657.2254595,498907.911933251,20,"Oaxaca","Santo Domingo Tehuantepec",17.095
2017,7,2420684.25036975,978427.291168657,14,"Jalisco","Tepatitlán de Morelos",17.964
2017,7,2202349.51711982,1057049.66137212,18,"Nayarit","Tepic",17.69
2017,7,1086040.24633532,2344505.0789417,2,"Baja California","Tijuana",17.7033333333333
2017,7,2894164.25183292,816749.977672606,29,"Tlaxcala","Tlaxcala de Xicohténcatl",17.1391666666667
2017,7,2746870.05917986,812900.272833679,15,"México","Toluca de Lerdo",17.3022222222222
2017,7,2359312.36095972,1500195.40690869,5,"Coahuila de Zaragoza","Torreón",17.5016666666667
2017,7,2878680.20057653,903070.018340528,13,"Hidalgo","Tulancingo",17.1425
2017,7,3156089.77095483,737863.131804823,30,"Veracruz de Ignacio de la Llave","Veracruz",16.7475
2017,7,3458492.94141412,697228.698776753,27,"Tabasco","Villahermosa",16.8958333333333
2017,8,2896383.38241936,533867.521866542,12,"Guerrero","Acapulco de Juárez",17.31875
2017,8,2470407.27670716,1096463.03352441,1,"Aguascalientes","Aguascalientes",17.6075
2017,8,2808354.16207239,820000.070810204,9,"Ciudad de México","Área Metropolitana de la Ciudad de México",17.79296875
2017,8,3696713.03075761,917681.049383228,4,"Campeche","Campeche",17.0791666666667
2017,8,2601259.6726517,1917420.95398455,5,"Coahuila de Zaragoza","Ciudad Acuña",14.4425
2017,8,2128946.73506821,2134804.33478912,8,"Chihuahua","Ciudad Juárez",14.72625
2017,8,3941497.41072577,793698.708167601,23,"Quintana Roo","Chetumal",17.335
2017,8,2101738.43984667,1848371.74595512,8,"Chihuahua","Chihuahua",17.8558333333333
2017,8,2319645.58177018,805748.229520169,6,"Colima","Colima",17.509375
2017,8,3031934.92607954,775293.184192847,30,"Veracruz de Ignacio de la Llave","Córdoba",17.01625
2017,8,2608204.19945602,941888.331500057,11,"Guanajuato","Cortazar",17.51
2017,8,2791114.5052991,774501.176808203,17,"Morelos","Cuernavaca",17.3478571428571
2017,8,1956210.22758575,1427305.21190799,25,"Sinaloa","Culiacán Rosales",17.6641666666667
2017,8,2231692.26181263,1334963.818951,10,"Durango","Victoria de Durango",17.6775
2017,8,2411182.74425444,1239414.14127632,32,"Zacatecas","Fresnillo",17.5625
2017,8,2361147.86663081,963499.484024917,14,"Jalisco","Guadalajara",18.0164705882353
2017,8,1627957.24036531,1917722.97151725,26,"Sonora","Hermosillo",17.6366666666667
2017,8,1743835.81743211,1661269.80620711,26,"Sonora","Huatabampo",17.654
2017,8,2760622.6918133,708127.162180339,12,"Guerrero","Iguala de la Independencia",17.405
2017,8,2467343.99741125,883303.938341952,16,"Michoacan de Ocampo","Jacona de Plancarte",17.71
2017,8,2136102.36450172,1657270.01050409,8,"Chihuahua","Jiménez",18.04
2017,8,1664340.38197233,1293128.47522497,3,"Baja California Sur","La Paz",17.4193333333333
2017,8,2535205.54402173,1012114.65148421,11,"Guanajuato","León de los Aldama",17.505625
2017,8,2947882.28887636,1540622.47741853,28,"Tamaulipas","Matamoros",14.44875
2017,8,3794034.2252253,988808.835233028,31,"Yucatan","Mérida",16.8508333333333
2017,8,1230401.61821548,2343847.18793759,2,"Baja California","Mexicali",17.04875
2017,8,2557245.81149997,1650039.48973007,5,"Coahuila de Zaragoza","Monclova",17.5311111111111
2017,8,2668509.67675272,1514136.17695389,19,"Nuevo León","Ciudad Monterrey",17.9895
2017,8,2583419.43164608,855908.907037127,16,"Michoacan de Ocampo","Morelia",17.5825
2017,8,3061130.5415602,576349.308224229,20,"Oaxaca","Oaxaca de Juárez",17.3166666666667
2017,8,2898744.65799284,787955.881391861,21,"Puebla","Puebla",17.2025
2017,8,2665674.3457233,956584.807977641,22,"Queretaro","Santiago de Querétaro",17.4341666666667
2017,8,3215395.82108377,734169.337712915,31,"Veracruz de Ignacio de la Llave","San Andrés Tuxtla",17.5225
2017,8,2606661.83108613,1124653.85352621,24,"San Luis Potosi","San Luis Potosí",17.3827272727273
2017,8,2920333.59535052,1145769.53902347,28,"Tamaulipas","Tampico",16.8783333333333
2017,8,3552237.02912155,359973.88281355,7,"Chiapas","Tapachula de Córdova y Ordóñez",17.35625
2017,8,3223657.2254595,498907.911933251,20,"Oaxaca","Santo Domingo Tehuantepec",17.1575
2017,8,2420684.25036975,978427.291168657,14,"Jalisco","Tepatitlán de Morelos",18.03
2017,8,2202349.51711982,1057049.66137212,18,"Nayarit","Tepic",17.7584615384615
2017,8,1086040.24633532,2344505.0789417,2,"Baja California","Tijuana",17.7608333333333
2017,8,2894164.25183292,816749.977672606,29,"Tlaxcala","Tlaxcala de Xicohténcatl",17.2058333333333
2017,8,2746870.05917986,812900.272833679,15,"México","Toluca de Lerdo",17.3755555555556
2017,8,2359312.36095972,1500195.40690869,5,"Coahuila de Zaragoza","Torreón",17.5933333333333
2017,8,2878680.20057653,903070.018340528,13,"Hidalgo","Tulancingo",17.2125
2017,8,3156089.77095483,737863.131804823,30,"Veracruz de Ignacio de la Llave","Veracruz",16.8225
2017,8,3458492.94141412,697228.698776753,27,"Tabasco","Villahermosa",16.9883333333333
2017,9,2896383.38241936,533867.521866542,12,"Guerrero","Acapulco de Juárez",17.57375
2017,9,2470407.27670716,1096463.03352441,1,"Aguascalientes","Aguascalientes",17.849375
2017,9,2808354.16207239,820000.070810204,9,"Ciudad de México","Área Metropolitana de la Ciudad de México",18.04828125
2017,9,3696713.03075761,917681.049383228,4,"Campeche","Campeche",17.3233333333333
2017,9,2601259.6726517,1917420.95398455,5,"Coahuila de Zaragoza","Ciudad Acuña",14.6975
2017,9,2128946.73506821,2134804.33478912,8,"Chihuahua","Ciudad Juárez",14.98625
2017,9,3941497.41072577,793698.708167601,23,"Quintana Roo","Chetumal",17.5825
2017,9,2101738.43984667,1848371.74595512,8,"Chihuahua","Chihuahua",18.0966666666667
2017,9,2319645.58177018,805748.229520169,6,"Colima","Colima",17.760625
2017,9,3031934.92607954,775293.184192847,30,"Veracruz de Ignacio de la Llave","Córdoba",17.2775
2017,9,2608204.19945602,941888.331500057,11,"Guanajuato","Cortazar",17.762
2017,9,2791114.5052991,774501.176808203,17,"Morelos","Cuernavaca",17.6014285714286
2017,9,1956210.22758575,1427305.21190799,25,"Sinaloa","Culiacán Rosales",17.92
2017,9,2231692.26181263,1334963.818951,10,"Durango","Victoria de Durango",17.8766666666667
2017,9,2411182.74425444,1239414.14127632,32,"Zacatecas","Fresnillo",17.8175
2017,9,2361147.86663081,963499.484024917,14,"Jalisco","Guadalajara",18.2776470588235
2017,9,1627957.24036531,1917722.97151725,26,"Sonora","Hermosillo",17.8083333333333
2017,9,1743835.81743211,1661269.80620711,26,"Sonora","Huatabampo",17.902
2017,9,2760622.6918133,708127.162180339,12,"Guerrero","Iguala de la Independencia",17.6375
2017,9,2467343.99741125,883303.938341952,16,"Michoacan de Ocampo","Jacona de Plancarte",17.9675
2017,9,2136102.36450172,1657270.01050409,8,"Chihuahua","Jiménez",18.32
2017,9,1664340.38197233,1293128.47522497,3,"Baja California Sur","La Paz",17.676
2017,9,2535205.54402173,1012114.65148421,11,"Guanajuato","León de los Aldama",17.75625
2017,9,2947882.28887636,1540622.47741853,28,"Tamaulipas","Matamoros",14.695
2017,9,3794034.2252253,988808.835233028,31,"Yucatan","Mérida",17.0941666666667
2017,9,1230401.61821548,2343847.18793759,2,"Baja California","Mexicali",17.26875
2017,9,2557245.81149997,1650039.48973007,5,"Coahuila de Zaragoza","Monclova",17.7677777777778
2017,9,2668509.67675272,1514136.17695389,19,"Nuevo León","Ciudad Monterrey",18.2905
2017,9,2583419.43164608,855908.907037127,16,"Michoacan de Ocampo","Morelia",17.8258333333333
2017,9,3061130.5415602,576349.308224229,20,"Oaxaca","Oaxaca de Juárez",17.5733333333333
2017,9,2898744.65799284,787955.881391861,21,"Puebla","Puebla",17.453
2017,9,2665674.3457233,956584.807977641,22,"Queretaro","Santiago de Querétaro",17.685
2017,9,3215395.82108377,734169.337712915,31,"Veracruz de Ignacio de la Llave","San Andrés Tuxtla",17.7775
2017,9,2606661.83108613,1124653.85352621,24,"San Luis Potosi","San Luis Potosí",17.6354545454545
2017,9,2920333.59535052,1145769.53902347,28,"Tamaulipas","Tampico",17.1033333333333
2017,9,3552237.02912155,359973.88281355,7,"Chiapas","Tapachula de Córdova y Ordóñez",17.61125
2017,9,3223657.2254595,498907.911933251,20,"Oaxaca","Santo Domingo Tehuantepec",17.4125
2017,9,2420684.25036975,978427.291168657,14,"Jalisco","Tepatitlán de Morelos",18.278
2017,9,2202349.51711982,1057049.66137212,18,"Nayarit","Tepic",18.0038461538462
2017,9,1086040.24633532,2344505.0789417,2,"Baja California","Tijuana",17.8466666666667
2017,9,2894164.25183292,816749.977672606,29,"Tlaxcala","Tlaxcala de Xicohténcatl",17.4508333333333
2017,9,2746870.05917986,812900.272833679,15,"México","Toluca de Lerdo",17.6166666666667
2017,9,2359312.36095972,1500195.40690869,5,"Coahuila de Zaragoza","Torreón",17.91
2017,9,2878680.20057653,903070.018340528,13,"Hidalgo","Tulancingo",17.46
2017,9,3156089.77095483,737863.131804823,30,"Veracruz de Ignacio de la Llave","Veracruz",17.0733333333333
2017,9,3458492.94141412,697228.698776753,27,"Tabasco","Villahermosa",17.2391666666667
2017,10,2896383.38241936,533867.521866542,12,"Guerrero","Acapulco de Juárez",17.6725
2017,10,2470407.27670716,1096463.03352441,1,"Aguascalientes","Aguascalientes",17.93125
2017,10,2808354.16207239,820000.070810204,9,"Ciudad de México","Área Metropolitana de la Ciudad de México",18.1415625
2017,10,3696713.03075761,917681.049383228,4,"Campeche","Campeche",17.415
2017,10,2601259.6726517,1917420.95398455,5,"Coahuila de Zaragoza","Ciudad Acuña",14.8275
2017,10,2128946.73506821,2134804.33478912,8,"Chihuahua","Ciudad Juárez",15.08625
2017,10,3941497.41072577,793698.708167601,23,"Quintana Roo","Chetumal",17.6675
2017,10,2101738.43984667,1848371.74595512,8,"Chihuahua","Chihuahua",18.2583333333333
2017,10,2319645.58177018,805748.229520169,6,"Colima","Colima",17.860625
2017,10,3031934.92607954,775293.184192847,30,"Veracruz de Ignacio de la Llave","Córdoba",17.405
2017,10,2608204.19945602,941888.331500057,11,"Guanajuato","Cortazar",17.862
2017,10,2791114.5052991,774501.176808203,17,"Morelos","Cuernavaca",17.7071428571429
2017,10,1956210.22758575,1427305.21190799,25,"Sinaloa","Culiacán Rosales",18.015
2017,10,2231692.26181263,1334963.818951,10,"Durango","Victoria de Durango",18.0291666666667
2017,10,2411182.74425444,1239414.14127632,32,"Zacatecas","Fresnillo",17.9175
2017,10,2361147.86663081,963499.484024917,14,"Jalisco","Guadalajara",18.3764705882353
2017,10,1627957.24036531,1917722.97151725,26,"Sonora","Hermosillo",17.9391666666667
2017,10,1743835.81743211,1661269.80620711,26,"Sonora","Huatabampo",18.004
2017,10,2760622.6918133,708127.162180339,12,"Guerrero","Iguala de la Independencia",17.7275
2017,10,2467343.99741125,883303.938341952,16,"Michoacan de Ocampo","Jacona de Plancarte",18.0625
2017,10,2136102.36450172,1657270.01050409,8,"Chihuahua","Jiménez",18.4225
2017,10,1664340.38197233,1293128.47522497,3,"Baja California Sur","La Paz",17.754
2017,10,2535205.54402173,1012114.65148421,11,"Guanajuato","León de los Aldama",17.848125
2017,10,2947882.28887636,1540622.47741853,28,"Tamaulipas","Matamoros",14.81625
2017,10,3794034.2252253,988808.835233028,31,"Yucatan","Mérida",17.185
2017,10,1230401.61821548,2343847.18793759,2,"Baja California","Mexicali",17.3825
2017,10,2557245.81149997,1650039.48973007,5,"Coahuila de Zaragoza","Monclova",17.8711111111111
2017,10,2668509.67675272,1514136.17695389,19,"Nuevo León","Ciudad Monterrey",18.4415
2017,10,2583419.43164608,855908.907037127,16,"Michoacan de Ocampo","Morelia",17.925
2017,10,3061130.5415602,576349.308224229,20,"Oaxaca","Oaxaca de Juárez",17.6558333333333
2017,10,2898744.65799284,787955.881391861,21,"Puebla","Puebla",17.5425
2017,10,2665674.3457233,956584.807977641,22,"Queretaro","Santiago de Querétaro",17.7908333333333
2017,10,3215395.82108377,734169.337712915,31,"Veracruz de Ignacio de la Llave","San Andrés Tuxtla",17.88
2017,10,2606661.83108613,1124653.85352621,24,"San Luis Potosi","San Luis Potosí",17.7309090909091
2017,10,2920333.59535052,1145769.53902347,28,"Tamaulipas","Tampico",17.2141666666667
2017,10,3552237.02912155,359973.88281355,7,"Chiapas","Tapachula de Córdova y Ordóñez",17.715
2017,10,3223657.2254595,498907.911933251,20,"Oaxaca","Santo Domingo Tehuantepec",17.52
2017,10,2420684.25036975,978427.291168657,14,"Jalisco","Tepatitlán de Morelos",18.372
2017,10,2202349.51711982,1057049.66137212,18,"Nayarit","Tepic",18.0969230769231
2017,10,1086040.24633532,2344505.0789417,2,"Baja California","Tijuana",17.9575
2017,10,2894164.25183292,816749.977672606,29,"Tlaxcala","Tlaxcala de Xicohténcatl",17.5475
2017,10,2746870.05917986,812900.272833679,15,"México","Toluca de Lerdo",17.7266666666667
2017,10,2359312.36095972,1500195.40690869,5,"Coahuila de Zaragoza","Torreón",18.0533333333333
2017,10,2878680.20057653,903070.018340528,13,"Hidalgo","Tulancingo",17.55
2017,10,3156089.77095483,737863.131804823,30,"Veracruz de Ignacio de la Llave","Veracruz",17.1675
2017,10,3458492.94141412,697228.698776753,27,"Tabasco","Villahermosa",17.36
2017,11,2896383.38241936,533867.521866542,12,"Guerrero","Acapulco de Juárez",17.775625
2017,11,2470407.27670716,1096463.03352441,1,"Aguascalientes","Aguascalientes",18.044375
2017,11,2808354.16207239,820000.070810204,9,"Ciudad de México","Área Metropolitana de la Ciudad de México",18.244375
2017,11,3696713.03075761,917681.049383228,4,"Campeche","Campeche",17.5225
2017,11,2601259.6726517,1917420.95398455,5,"Coahuila de Zaragoza","Ciudad Acuña",14.9675
2017,11,2128946.73506821,2134804.33478912,8,"Chihuahua","Ciudad Juárez",15.22
2017,11,3941497.41072577,793698.708167601,23,"Quintana Roo","Chetumal",17.7675
2017,11,2101738.43984667,1848371.74595512,8,"Chihuahua","Chihuahua",18.415
2017,11,2319645.58177018,805748.229520169,6,"Colima","Colima",17.963125
2017,11,3031934.92607954,775293.184192847,30,"Veracruz de Ignacio de la Llave","Córdoba",17.49625
2017,11,2608204.19945602,941888.331500057,11,"Guanajuato","Cortazar",17.952
2017,11,2791114.5052991,774501.176808203,17,"Morelos","Cuernavaca",17.81
2017,11,1956210.22758575,1427305.21190799,25,"Sinaloa","Culiacán Rosales",18.1825
2017,11,2231692.26181263,1334963.818951,10,"Durango","Victoria de Durango",18.1616666666667
2017,11,2411182.74425444,1239414.14127632,32,"Zacatecas","Fresnillo",18.02
2017,11,2361147.86663081,963499.484024917,14,"Jalisco","Guadalajara",18.4764705882353
2017,11,1627957.24036531,1917722.97151725,26,"Sonora","Hermosillo",18.0758333333333
2017,11,1743835.81743211,1661269.80620711,26,"Sonora","Huatabampo",18.174
2017,11,2760622.6918133,708127.162180339,12,"Guerrero","Iguala de la Independencia",17.8475
2017,11,2467343.99741125,883303.938341952,16,"Michoacan de Ocampo","Jacona de Plancarte",18.17
2017,11,2136102.36450172,1657270.01050409,8,"Chihuahua","Jiménez",18.565
2017,11,1664340.38197233,1293128.47522497,3,"Baja California Sur","La Paz",17.936
2017,11,2535205.54402173,1012114.65148421,11,"Guanajuato","León de los Aldama",17.944375
2017,11,2947882.28887636,1540622.47741853,28,"Tamaulipas","Matamoros",14.91625
2017,11,3794034.2252253,988808.835233028,31,"Yucatan","Mérida",17.29
2017,11,1230401.61821548,2343847.18793759,2,"Baja California","Mexicali",17.49625
2017,11,2557245.81149997,1650039.48973007,5,"Coahuila de Zaragoza","Monclova",18.0044444444444
2017,11,2668509.67675272,1514136.17695389,19,"Nuevo León","Ciudad Monterrey",18.616
2017,11,2583419.43164608,855908.907037127,16,"Michoacan de Ocampo","Morelia",18.025
2017,11,3061130.5415602,576349.308224229,20,"Oaxaca","Oaxaca de Juárez",17.7608333333333
2017,11,2898744.65799284,787955.881391861,21,"Puebla","Puebla",17.6445
2017,11,2665674.3457233,956584.807977641,22,"Queretaro","Santiago de Querétaro",17.8883333333333
2017,11,3215395.82108377,734169.337712915,31,"Veracruz de Ignacio de la Llave","San Andrés Tuxtla",17.98
2017,11,2606661.83108613,1124653.85352621,24,"San Luis Potosi","San Luis Potosí",17.8454545454545
2017,11,2920333.59535052,1145769.53902347,28,"Tamaulipas","Tampico",17.3216666666667
2017,11,3552237.02912155,359973.88281355,7,"Chiapas","Tapachula de Córdova y Ordóñez",17.8225
2017,11,3223657.2254595,498907.911933251,20,"Oaxaca","Santo Domingo Tehuantepec",17.6275
2017,11,2420684.25036975,978427.291168657,14,"Jalisco","Tepatitlán de Morelos",18.466
2017,11,2202349.51711982,1057049.66137212,18,"Nayarit","Tepic",18.1984615384615
2017,11,1086040.24633532,2344505.0789417,2,"Baja California","Tijuana",18.1383333333333
2017,11,2894164.25183292,816749.977672606,29,"Tlaxcala","Tlaxcala de Xicohténcatl",17.6475
2017,11,2746870.05917986,812900.272833679,15,"México","Toluca de Lerdo",17.8233333333333
2017,11,2359312.36095972,1500195.40690869,5,"Coahuila de Zaragoza","Torreón",18.1858333333333
2017,11,2878680.20057653,903070.018340528,13,"Hidalgo","Tulancingo",17.6775
2017,11,3156089.77095483,737863.131804823,30,"Veracruz de Ignacio de la Llave","Veracruz",17.2741666666667
2017,11,3458492.94141412,697228.698776753,27,"Tabasco","Villahermosa",17.4391666666667
2017,12,2896383.38241936,533867.521866542,12,"Guerrero","Acapulco de Juárez",17.939375
2017,12,2470407.27670716,1096463.03352441,1,"Aguascalientes","Aguascalientes",18.158125
2017,12,2808354.16207239,820000.070810204,9,"Ciudad de México","Área Metropolitana de la Ciudad de México",18.335
2017,12,3696713.03075761,917681.049383228,4,"Campeche","Campeche",17.6258333333333
2017,12,2601259.6726517,1917420.95398455,5,"Coahuila de Zaragoza","Ciudad Acuña",15.26
2017,12,2128946.73506821,2134804.33478912,8,"Chihuahua","Ciudad Juárez",15.34
2017,12,3941497.41072577,793698.708167601,23,"Quintana Roo","Chetumal",17.87
2017,12,2101738.43984667,1848371.74595512,8,"Chihuahua","Chihuahua",18.5291666666667
2017,12,2319645.58177018,805748.229520169,6,"Colima","Colima",18.021875
2017,12,3031934.92607954,775293.184192847,30,"Veracruz de Ignacio de la Llave","Córdoba",17.59125
2017,12,2608204.19945602,941888.331500057,11,"Guanajuato","Cortazar",18.064
2017,12,2791114.5052991,774501.176808203,17,"Morelos","Cuernavaca",17.8792857142857
2017,12,1956210.22758575,1427305.21190799,25,"Sinaloa","Culiacán Rosales",18.3466666666667
2017,12,2231692.26181263,1334963.818951,10,"Durango","Victoria de Durango",18.3116666666667
2017,12,2411182.74425444,1239414.14127632,32,"Zacatecas","Fresnillo",18.1825
2017,12,2361147.86663081,963499.484024917,14,"Jalisco","Guadalajara",18.5523529411765
2017,12,1627957.24036531,1917722.97151725,26,"Sonora","Hermosillo",18.1916666666667
2017,12,1743835.81743211,1661269.80620711,26,"Sonora","Huatabampo",18.288
2017,12,2760622.6918133,708127.162180339,12,"Guerrero","Iguala de la Independencia",17.965
2017,12,2467343.99741125,883303.938341952,16,"Michoacan de Ocampo","Jacona de Plancarte",18.265
2017,12,2136102.36450172,1657270.01050409,8,"Chihuahua","Jiménez",18.755
2017,12,1664340.38197233,1293128.47522497,3,"Baja California Sur","La Paz",18.1166666666667
2017,12,2535205.54402173,1012114.65148421,11,"Guanajuato","León de los Aldama",18.031875
2017,12,2947882.28887636,1540622.47741853,28,"Tamaulipas","Matamoros",15.00125
2017,12,3794034.2252253,988808.835233028,31,"Yucatan","Mérida",17.3758333333333
2017,12,1230401.61821548,2343847.18793759,2,"Baja California","Mexicali",17.59375
2017,12,2557245.81149997,1650039.48973007,5,"Coahuila de Zaragoza","Monclova",18.2
2017,12,2668509.67675272,1514136.17695389,19,"Nuevo León","Ciudad Monterrey",18.7415
2017,12,2583419.43164608,855908.907037127,16,"Michoacan de Ocampo","Morelia",18.1058333333333
2017,12,3061130.5415602,576349.308224229,20,"Oaxaca","Oaxaca de Juárez",17.8366666666667
2017,12,2898744.65799284,787955.881391861,21,"Puebla","Puebla",17.7415
2017,12,2665674.3457233,956584.807977641,22,"Queretaro","Santiago de Querétaro",17.9791666666667
2017,12,3215395.82108377,734169.337712915,31,"Veracruz de Ignacio de la Llave","San Andrés Tuxtla",18.1225
2017,12,2606661.83108613,1124653.85352621,24,"San Luis Potosi","San Luis Potosí",17.9772727272727
2017,12,2920333.59535052,1145769.53902347,28,"Tamaulipas","Tampico",17.4408333333333
2017,12,3552237.02912155,359973.88281355,7,"Chiapas","Tapachula de Córdova y Ordóñez",17.875
2017,12,3223657.2254595,498907.911933251,20,"Oaxaca","Santo Domingo Tehuantepec",17.5425
2017,12,2420684.25036975,978427.291168657,14,"Jalisco","Tepatitlán de Morelos",18.614
2017,12,2202349.51711982,1057049.66137212,18,"Nayarit","Tepic",18.3623076923077
2017,12,1086040.24633532,2344505.0789417,2,"Baja California","Tijuana",18.26
2017,12,2894164.25183292,816749.977672606,29,"Tlaxcala","Tlaxcala de Xicohténcatl",17.7116666666667
2017,12,2746870.05917986,812900.272833679,15,"México","Toluca de Lerdo",17.8944444444444
2017,12,2359312.36095972,1500195.40690869,5,"Coahuila de Zaragoza","Torreón",18.3291666666667
2017,12,2878680.20057653,903070.018340528,13,"Hidalgo","Tulancingo",17.75
2017,12,3156089.77095483,737863.131804823,30,"Veracruz de Ignacio de la Llave","Veracruz",17.38
2017,12,3458492.94141412,697228.698776753,27,"Tabasco","Villahermosa",17.5408333333333
2018,1,2896383.38241936,533867.521866542,12,"Guerrero","Acapulco de Juárez",18.506875
2018,1,2470407.27670716,1096463.03352441,1,"Aguascalientes","Aguascalientes",18.806875
2018,1,2808354.16207239,820000.070810204,9,"Ciudad de México","Área Metropolitana de la Ciudad de México",18.8003125
2018,1,3696713.03075761,917681.049383228,4,"Campeche","Campeche",18.1391666666667
2018,1,2601259.6726517,1917420.95398455,5,"Coahuila de Zaragoza","Ciudad Acuña",15.775
2018,1,2128946.73506821,2134804.33478912,8,"Chihuahua","Ciudad Juárez",15.65375
2018,1,3941497.41072577,793698.708167601,23,"Quintana Roo","Chetumal",18.3
2018,1,2101738.43984667,1848371.74595512,8,"Chihuahua","Chihuahua",18.9566666666667
2018,1,2319645.58177018,805748.229520169,6,"Colima","Colima",18.43875
2018,1,3031934.92607954,775293.184192847,30,"Veracruz de Ignacio de la Llave","Córdoba",18.04375
2018,1,2608204.19945602,941888.331500057,11,"Guanajuato","Cortazar",18.654
2018,1,2791114.5052991,774501.176808203,17,"Morelos","Cuernavaca",18.3685714285714
2018,1,1956210.22758575,1427305.21190799,25,"Sinaloa","Culiacán Rosales",18.8016666666667
2018,1,2231692.26181263,1334963.818951,10,"Durango","Victoria de Durango",18.7616666666667
2018,1,2411182.74425444,1239414.14127632,32,"Zacatecas","Fresnillo",18.8575
2018,1,2361147.86663081,963499.484024917,14,"Jalisco","Guadalajara",19.0417647058824
2018,1,1627957.24036531,1917722.97151725,26,"Sonora","Hermosillo",18.5591666666667
2018,1,1743835.81743211,1661269.80620711,26,"Sonora","Huatabampo",18.686
2018,1,2760622.6918133,708127.162180339,12,"Guerrero","Iguala de la Independencia",18.5225
2018,1,2467343.99741125,883303.938341952,16,"Michoacan de Ocampo","Jacona de Plancarte",18.835
2018,1,2136102.36450172,1657270.01050409,8,"Chihuahua","Jiménez",19.215
2018,1,1664340.38197233,1293128.47522497,3,"Baja California Sur","La Paz",18.498
2018,1,2535205.54402173,1012114.65148421,11,"Guanajuato","León de los Aldama",18.656875
2018,1,2947882.28887636,1540622.47741853,28,"Tamaulipas","Matamoros",15.32125
2018,1,3794034.2252253,988808.835233028,31,"Yucatan","Mérida",17.8558333333333
2018,1,1230401.61821548,2343847.18793759,2,"Baja California","Mexicali",17.88375
2018,1,2557245.81149997,1650039.48973007,5,"Coahuila de Zaragoza","Monclova",18.6255555555556
2018,1,2668509.67675272,1514136.17695389,19,"Nuevo León","Ciudad Monterrey",19.0185
2018,1,2583419.43164608,855908.907037127,16,"Michoacan de Ocampo","Morelia",18.6141666666667
2018,1,3061130.5415602,576349.308224229,20,"Oaxaca","Oaxaca de Juárez",18.415
2018,1,2898744.65799284,787955.881391861,21,"Puebla","Puebla",18.2175
2018,1,2665674.3457233,956584.807977641,22,"Queretaro","Santiago de Querétaro",18.4583333333333
2018,1,3215395.82108377,734169.337712915,31,"Veracruz de Ignacio de la Llave","San Andrés Tuxtla",18.505
2018,1,2606661.83108613,1124653.85352621,24,"San Luis Potosi","San Luis Potosí",18.6045454545455
2018,1,2920333.59535052,1145769.53902347,28,"Tamaulipas","Tampico",17.8191666666667
2018,1,3552237.02912155,359973.88281355,7,"Chiapas","Tapachula de Córdova y Ordóñez",18.31625
2018,1,3223657.2254595,498907.911933251,20,"Oaxaca","Santo Domingo Tehuantepec",18.035
2018,1,2420684.25036975,978427.291168657,14,"Jalisco","Tepatitlán de Morelos",19.13
2018,1,2202349.51711982,1057049.66137212,18,"Nayarit","Tepic",18.8969230769231
2018,1,1086040.24633532,2344505.0789417,2,"Baja California","Tijuana",18.54
2018,1,2894164.25183292,816749.977672606,29,"Tlaxcala","Tlaxcala de Xicohténcatl",18.1916666666667
2018,1,2746870.05917986,812900.272833679,15,"México","Toluca de Lerdo",18.3355555555556
2018,1,2359312.36095972,1500195.40690869,5,"Coahuila de Zaragoza","Torreón",18.5808333333333
2018,1,2878680.20057653,903070.018340528,13,"Hidalgo","Tulancingo",18.215
2018,1,3156089.77095483,737863.131804823,30,"Veracruz de Ignacio de la Llave","Veracruz",17.7783333333333
2018,1,3458492.94141412,697228.698776753,27,"Tabasco","Villahermosa",17.9708333333333
2018,2,2896383.38241936,533867.521866542,12,"Guerrero","Acapulco de Juárez",19.043125
2018,2,2470407.27670716,1096463.03352441,1,"Aguascalientes","Aguascalientes",19.5525
2018,2,2808354.16207239,820000.070810204,9,"Ciudad de México","Área Metropolitana de la Ciudad de México",19.4446875
2018,2,3696713.03075761,917681.049383228,4,"Campeche","Campeche",18.7016666666667
2018,2,2601259.6726517,1917420.95398455,5,"Coahuila de Zaragoza","Ciudad Acuña",16.365
2018,2,2128946.73506821,2134804.33478912,8,"Chihuahua","Ciudad Juárez",16.05625
2018,2,3941497.41072577,793698.708167601,23,"Quintana Roo","Chetumal",18.8725
2018,2,2101738.43984667,1848371.74595512,8,"Chihuahua","Chihuahua",19.5375
2018,2,2319645.58177018,805748.229520169,6,"Colima","Colima",18.984375
2018,2,3031934.92607954,775293.184192847,30,"Veracruz de Ignacio de la Llave","Córdoba",18.715
2018,2,2608204.19945602,941888.331500057,11,"Guanajuato","Cortazar",19.314
2018,2,2791114.5052991,774501.176808203,17,"Morelos","Cuernavaca",18.9507142857143
2018,2,1956210.22758575,1427305.21190799,25,"Sinaloa","Culiacán Rosales",19.345
2018,2,2231692.26181263,1334963.818951,10,"Durango","Victoria de Durango",19.2241666666667
2018,2,2411182.74425444,1239414.14127632,32,"Zacatecas","Fresnillo",19.6575
2018,2,2361147.86663081,963499.484024917,14,"Jalisco","Guadalajara",19.7311764705882
2018,2,1627957.24036531,1917722.97151725,26,"Sonora","Hermosillo",19.0658333333333
2018,2,1743835.81743211,1661269.80620711,26,"Sonora","Huatabampo",19.202
2018,2,2760622.6918133,708127.162180339,12,"Guerrero","Iguala de la Independencia",19.2025
2018,2,2467343.99741125,883303.938341952,16,"Michoacan de Ocampo","Jacona de Plancarte",19.5225
2018,2,2136102.36450172,1657270.01050409,8,"Chihuahua","Jiménez",19.7875
2018,2,1664340.38197233,1293128.47522497,3,"Baja California Sur","La Paz",18.998
2018,2,2535205.54402173,1012114.65148421,11,"Guanajuato","León de los Aldama",19.294375
2018,2,2947882.28887636,1540622.47741853,28,"Tamaulipas","Matamoros",16.16
2018,2,3794034.2252253,988808.835233028,31,"Yucatan","Mérida",18.3716666666667
2018,2,1230401.61821548,2343847.18793759,2,"Baja California","Mexicali",18.4425
2018,2,2557245.81149997,1650039.48973007,5,"Coahuila de Zaragoza","Monclova",19.2377777777778
2018,2,2668509.67675272,1514136.17695389,19,"Nuevo León","Ciudad Monterrey",19.5685
2018,2,2583419.43164608,855908.907037127,16,"Michoacan de Ocampo","Morelia",19.2583333333333
2018,2,3061130.5415602,576349.308224229,20,"Oaxaca","Oaxaca de Juárez",19.0091666666667
2018,2,2898744.65799284,787955.881391861,21,"Puebla","Puebla",18.813
2018,2,2665674.3457233,956584.807977641,22,"Queretaro","Santiago de Querétaro",18.9891666666667
2018,2,3215395.82108377,734169.337712915,31,"Veracruz de Ignacio de la Llave","San Andrés Tuxtla",18.92
2018,2,2606661.83108613,1124653.85352621,24,"San Luis Potosi","San Luis Potosí",19.2663636363636
2018,2,2920333.59535052,1145769.53902347,28,"Tamaulipas","Tampico",18.3841666666667
2018,2,3552237.02912155,359973.88281355,7,"Chiapas","Tapachula de Córdova y Ordóñez",18.84125
2018,2,3223657.2254595,498907.911933251,20,"Oaxaca","Santo Domingo Tehuantepec",18.5325
2018,2,2420684.25036975,978427.291168657,14,"Jalisco","Tepatitlán de Morelos",19.742
2018,2,2202349.51711982,1057049.66137212,18,"Nayarit","Tepic",19.5084615384615
2018,2,1086040.24633532,2344505.0789417,2,"Baja California","Tijuana",19.105
2018,2,2894164.25183292,816749.977672606,29,"Tlaxcala","Tlaxcala de Xicohténcatl",18.7683333333333
2018,2,2746870.05917986,812900.272833679,15,"México","Toluca de Lerdo",18.8955555555556
2018,2,2359312.36095972,1500195.40690869,5,"Coahuila de Zaragoza","Torreón",19.0625
2018,2,2878680.20057653,903070.018340528,13,"Hidalgo","Tulancingo",18.75
2018,2,3156089.77095483,737863.131804823,30,"Veracruz de Ignacio de la Llave","Veracruz",18.2891666666667
2018,2,3458492.94141412,697228.698776753,27,"Tabasco","Villahermosa",18.5491666666667
2018,3,2896383.38241936,533867.521866542,12,"Guerrero","Acapulco de Juárez",19.185625
2018,3,2470407.27670716,1096463.03352441,1,"Aguascalientes","Aguascalientes",19.7375
2018,3,2808354.16207239,820000.070810204,9,"Ciudad de México","Área Metropolitana de la Ciudad de México",19.6053125
2018,3,3696713.03075761,917681.049383228,4,"Campeche","Campeche",18.815
2018,3,2601259.6726517,1917420.95398455,5,"Coahuila de Zaragoza","Ciudad Acuña",16.54
2018,3,2128946.73506821,2134804.33478912,8,"Chihuahua","Ciudad Juárez",16.145
2018,3,3941497.41072577,793698.708167601,23,"Quintana Roo","Chetumal",18.9125
2018,3,2101738.43984667,1848371.74595512,8,"Chihuahua","Chihuahua",19.6891666666667
2018,3,2319645.58177018,805748.229520169,6,"Colima","Colima",19.156875
2018,3,3031934.92607954,775293.184192847,30,"Veracruz de Ignacio de la Llave","Córdoba",18.86875
2018,3,2608204.19945602,941888.331500057,11,"Guanajuato","Cortazar",19.474
2018,3,2791114.5052991,774501.176808203,17,"Morelos","Cuernavaca",19.075
2018,3,1956210.22758575,1427305.21190799,25,"Sinaloa","Culiacán Rosales",19.5408333333333
2018,3,2231692.26181263,1334963.818951,10,"Durango","Victoria de Durango",19.4016666666667
2018,3,2411182.74425444,1239414.14127632,32,"Zacatecas","Fresnillo",19.855
2018,3,2361147.86663081,963499.484024917,14,"Jalisco","Guadalajara",19.8823529411765
2018,3,1627957.24036531,1917722.97151725,26,"Sonora","Hermosillo",19.2275
2018,3,1743835.81743211,1661269.80620711,26,"Sonora","Huatabampo",19.348
2018,3,2760622.6918133,708127.162180339,12,"Guerrero","Iguala de la Independencia",19.405
2018,3,2467343.99741125,883303.938341952,16,"Michoacan de Ocampo","Jacona de Plancarte",19.8475
2018,3,2136102.36450172,1657270.01050409,8,"Chihuahua","Jiménez",19.78
2018,3,1664340.38197233,1293128.47522497,3,"Baja California Sur","La Paz",19.1113333333333
2018,3,2535205.54402173,1012114.65148421,11,"Guanajuato","León de los Aldama",19.473125
2018,3,2947882.28887636,1540622.47741853,28,"Tamaulipas","Matamoros",16.305
2018,3,3794034.2252253,988808.835233028,31,"Yucatan","Mérida",18.605
2018,3,1230401.61821548,2343847.18793759,2,"Baja California","Mexicali",18.63625
2018,3,2557245.81149997,1650039.48973007,5,"Coahuila de Zaragoza","Monclova",19.3488888888889
2018,3,2668509.67675272,1514136.17695389,19,"Nuevo León","Ciudad Monterrey",19.751
2018,3,2583419.43164608,855908.907037127,16,"Michoacan de Ocampo","Morelia",19.355
2018,3,3061130.5415602,576349.308224229,20,"Oaxaca","Oaxaca de Juárez",19.2233333333333
2018,3,2898744.65799284,787955.881391861,21,"Puebla","Puebla",18.9395
2018,3,2665674.3457233,956584.807977641,22,"Queretaro","Santiago de Querétaro",19.1758333333333
2018,3,3215395.82108377,734169.337712915,31,"Veracruz de Ignacio de la Llave","San Andrés Tuxtla",19.1
2018,3,2606661.83108613,1124653.85352621,24,"San Luis Potosi","San Luis Potosí",19.4218181818182
2018,3,2920333.59535052,1145769.53902347,28,"Tamaulipas","Tampico",18.5066666666667
2018,3,3552237.02912155,359973.88281355,7,"Chiapas","Tapachula de Córdova y Ordóñez",18.9775
2018,3,3223657.2254595,498907.911933251,20,"Oaxaca","Santo Domingo Tehuantepec",18.575
2018,3,2420684.25036975,978427.291168657,14,"Jalisco","Tepatitlán de Morelos",19.914
2018,3,2202349.51711982,1057049.66137212,18,"Nayarit","Tepic",19.7484615384615
2018,3,1086040.24633532,2344505.0789417,2,"Baja California","Tijuana",19.4175
2018,3,2894164.25183292,816749.977672606,29,"Tlaxcala","Tlaxcala de Xicohténcatl",18.8975
2018,3,2746870.05917986,812900.272833679,15,"México","Toluca de Lerdo",19.0311111111111
2018,3,2359312.36095972,1500195.40690869,5,"Coahuila de Zaragoza","Torreón",19.265
2018,3,2878680.20057653,903070.018340528,13,"Hidalgo","Tulancingo",18.8275
2018,3,3156089.77095483,737863.131804823,30,"Veracruz de Ignacio de la Llave","Veracruz",18.4216666666667
2018,3,3458492.94141412,697228.698776753,27,"Tabasco","Villahermosa",18.7675
2018,4,2896383.38241936,533867.521866542,12,"Guerrero","Acapulco de Juárez",19.2825
2018,4,2470407.27670716,1096463.03352441,1,"Aguascalientes","Aguascalientes",19.7925
2018,4,2808354.16207239,820000.070810204,9,"Ciudad de México","Área Metropolitana de la Ciudad de México",19.675625
2018,4,3696713.03075761,917681.049383228,4,"Campeche","Campeche",18.85
2018,4,2601259.6726517,1917420.95398455,5,"Coahuila de Zaragoza","Ciudad Acuña",16.665
2018,4,2128946.73506821,2134804.33478912,8,"Chihuahua","Ciudad Juárez",16.13125
2018,4,3941497.41072577,793698.708167601,23,"Quintana Roo","Chetumal",18.83
2018,4,2101738.43984667,1848371.74595512,8,"Chihuahua","Chihuahua",19.7375
2018,4,2319645.58177018,805748.229520169,6,"Colima","Colima",19.2425
2018,4,3031934.92607954,775293.184192847,30,"Veracruz de Ignacio de la Llave","Córdoba",18.96625
2018,4,2608204.19945602,941888.331500057,11,"Guanajuato","Cortazar",19.516
2018,4,2791114.5052991,774501.176808203,17,"Morelos","Cuernavaca",19.1342857142857
2018,4,1956210.22758575,1427305.21190799,25,"Sinaloa","Culiacán Rosales",19.7216666666667
2018,4,2231692.26181263,1334963.818951,10,"Durango","Victoria de Durango",19.44
2018,4,2411182.74425444,1239414.14127632,32,"Zacatecas","Fresnillo",19.9275
2018,4,2361147.86663081,963499.484024917,14,"Jalisco","Guadalajara",19.9335294117647
2018,4,1627957.24036531,1917722.97151725,26,"Sonora","Hermosillo",19.2808333333333
2018,4,1743835.81743211,1661269.80620711,26,"Sonora","Huatabampo",19.446
2018,4,2760622.6918133,708127.162180339,12,"Guerrero","Iguala de la Independencia",19.48
2018,4,2467343.99741125,883303.938341952,16,"Michoacan de Ocampo","Jacona de Plancarte",20.0325
2018,4,2136102.36450172,1657270.01050409,8,"Chihuahua","Jiménez",19.8175
2018,4,1664340.38197233,1293128.47522497,3,"Baja California Sur","La Paz",19.212
2018,4,2535205.54402173,1012114.65148421,11,"Guanajuato","León de los Aldama",19.536875
2018,4,2947882.28887636,1540622.47741853,28,"Tamaulipas","Matamoros",16.3325
2018,4,3794034.2252253,988808.835233028,31,"Yucatan","Mérida",18.7025
2018,4,1230401.61821548,2343847.18793759,2,"Baja California","Mexicali",18.785
2018,4,2557245.81149997,1650039.48973007,5,"Coahuila de Zaragoza","Monclova",19.3833333333333
2018,4,2668509.67675272,1514136.17695389,19,"Nuevo León","Ciudad Monterrey",19.828
2018,4,2583419.43164608,855908.907037127,16,"Michoacan de Ocampo","Morelia",19.3875
2018,4,3061130.5415602,576349.308224229,20,"Oaxaca","Oaxaca de Juárez",19.3708333333333
2018,4,2898744.65799284,787955.881391861,21,"Puebla","Puebla",19
2018,4,2665674.3457233,956584.807977641,22,"Queretaro","Santiago de Querétaro",19.2675
2018,4,3215395.82108377,734169.337712915,31,"Veracruz de Ignacio de la Llave","San Andrés Tuxtla",19.2125
2018,4,2606661.83108613,1124653.85352621,24,"San Luis Potosi","San Luis Potosí",19.45
2018,4,2920333.59535052,1145769.53902347,28,"Tamaulipas","Tampico",18.585
2018,4,3552237.02912155,359973.88281355,7,"Chiapas","Tapachula de Córdova y Ordóñez",19.05
2018,4,3223657.2254595,498907.911933251,20,"Oaxaca","Santo Domingo Tehuantepec",18.595
2018,4,2420684.25036975,978427.291168657,14,"Jalisco","Tepatitlán de Morelos",19.978
2018,4,2202349.51711982,1057049.66137212,18,"Nayarit","Tepic",19.8807692307692
2018,4,1086040.24633532,2344505.0789417,2,"Baja California","Tijuana",19.5666666666667
2018,4,2894164.25183292,816749.977672606,29,"Tlaxcala","Tlaxcala de Xicohténcatl",18.945
2018,4,2746870.05917986,812900.272833679,15,"México","Toluca de Lerdo",19.11
2018,4,2359312.36095972,1500195.40690869,5,"Coahuila de Zaragoza","Torreón",19.3216666666667
2018,4,2878680.20057653,903070.018340528,13,"Hidalgo","Tulancingo",18.88
2018,4,3156089.77095483,737863.131804823,30,"Veracruz de Ignacio de la Llave","Veracruz",18.5016666666667
2018,4,3458492.94141412,697228.698776753,27,"Tabasco","Villahermosa",18.9008333333333
2018,5,2896383.38241936,533867.521866542,12,"Guerrero","Acapulco de Juárez",19.425
2018,5,2470407.27670716,1096463.03352441,1,"Aguascalientes","Aguascalientes",19.893125
2018,5,2808354.16207239,820000.070810204,9,"Ciudad de México","Área Metropolitana de la Ciudad de México",19.88703125
2018,5,3696713.03075761,917681.049383228,4,"Campeche","Campeche",18.9775
2018,5,2601259.6726517,1917420.95398455,5,"Coahuila de Zaragoza","Ciudad Acuña",16.83
2018,5,2128946.73506821,2134804.33478912,8,"Chihuahua","Ciudad Juárez",16.25125
2018,5,3941497.41072577,793698.708167601,23,"Quintana Roo","Chetumal",18.865
2018,5,2101738.43984667,1848371.74595512,8,"Chihuahua","Chihuahua",19.8208333333333
2018,5,2319645.58177018,805748.229520169,6,"Colima","Colima",19.39375
2018,5,3031934.92607954,775293.184192847,30,"Veracruz de Ignacio de la Llave","Córdoba",19.08375
2018,5,2608204.19945602,941888.331500057,11,"Guanajuato","Cortazar",19.7
2018,5,2791114.5052991,774501.176808203,17,"Morelos","Cuernavaca",19.28
2018,5,1956210.22758575,1427305.21190799,25,"Sinaloa","Culiacán Rosales",19.9225
2018,5,2231692.26181263,1334963.818951,10,"Durango","Victoria de Durango",19.5425
2018,5,2411182.74425444,1239414.14127632,32,"Zacatecas","Fresnillo",19.9825
2018,5,2361147.86663081,963499.484024917,14,"Jalisco","Guadalajara",20.1594117647059
2018,5,1627957.24036531,1917722.97151725,26,"Sonora","Hermosillo",19.4091666666667
2018,5,1743835.81743211,1661269.80620711,26,"Sonora","Huatabampo",19.572
2018,5,2760622.6918133,708127.162180339,12,"Guerrero","Iguala de la Independencia",19.665
2018,5,2467343.99741125,883303.938341952,16,"Michoacan de Ocampo","Jacona de Plancarte",20.1275
2018,5,2136102.36450172,1657270.01050409,8,"Chihuahua","Jiménez",19.885
2018,5,1664340.38197233,1293128.47522497,3,"Baja California Sur","La Paz",19.36
2018,5,2535205.54402173,1012114.65148421,11,"Guanajuato","León de los Aldama",19.651875
2018,5,2947882.28887636,1540622.47741853,28,"Tamaulipas","Matamoros",16.445
2018,5,3794034.2252253,988808.835233028,31,"Yucatan","Mérida",18.8425
2018,5,1230401.61821548,2343847.18793759,2,"Baja California","Mexicali",18.9425
2018,5,2557245.81149997,1650039.48973007,5,"Coahuila de Zaragoza","Monclova",19.5233333333333
2018,5,2668509.67675272,1514136.17695389,19,"Nuevo León","Ciudad Monterrey",19.963
2018,5,2583419.43164608,855908.907037127,16,"Michoacan de Ocampo","Morelia",19.5025
2018,5,3061130.5415602,576349.308224229,20,"Oaxaca","Oaxaca de Juárez",19.5725
2018,5,2898744.65799284,787955.881391861,21,"Puebla","Puebla",19.0975
2018,5,2665674.3457233,956584.807977641,22,"Queretaro","Santiago de Querétaro",19.4216666666667
2018,5,3215395.82108377,734169.337712915,31,"Veracruz de Ignacio de la Llave","San Andrés Tuxtla",19.3875
2018,5,2606661.83108613,1124653.85352621,24,"San Luis Potosi","San Luis Potosí",19.6054545454545
2018,5,2920333.59535052,1145769.53902347,28,"Tamaulipas","Tampico",18.7458333333333
2018,5,3552237.02912155,359973.88281355,7,"Chiapas","Tapachula de Córdova y Ordóñez",19.15375
2018,5,3223657.2254595,498907.911933251,20,"Oaxaca","Santo Domingo Tehuantepec",18.7175
2018,5,2420684.25036975,978427.291168657,14,"Jalisco","Tepatitlán de Morelos",20.174
2018,5,2202349.51711982,1057049.66137212,18,"Nayarit","Tepic",19.9976923076923
2018,5,1086040.24633532,2344505.0789417,2,"Baja California","Tijuana",19.7241666666667
2018,5,2894164.25183292,816749.977672606,29,"Tlaxcala","Tlaxcala de Xicohténcatl",19.0633333333333
2018,5,2746870.05917986,812900.272833679,15,"México","Toluca de Lerdo",19.2366666666667
2018,5,2359312.36095972,1500195.40690869,5,"Coahuila de Zaragoza","Torreón",19.4758333333333
2018,5,2878680.20057653,903070.018340528,13,"Hidalgo","Tulancingo",18.9925
2018,5,3156089.77095483,737863.131804823,30,"Veracruz de Ignacio de la Llave","Veracruz",18.6225
2018,5,3458492.94141412,697228.698776753,27,"Tabasco","Villahermosa",18.9425
2018,6,2896383.38241936,533867.521866542,12,"Guerrero","Acapulco de Juárez",19.670625
2018,6,2470407.27670716,1096463.03352441,1,"Aguascalientes","Aguascalientes",20.0325
2018,6,2808354.16207239,820000.070810204,9,"Ciudad de México","Área Metropolitana de la Ciudad de México",20.2071875
2018,6,3696713.03075761,917681.049383228,4,"Campeche","Campeche",19.2491666666667
2018,6,2601259.6726517,1917420.95398455,5,"Coahuila de Zaragoza","Ciudad Acuña",17.125
2018,6,2128946.73506821,2134804.33478912,8,"Chihuahua","Ciudad Juárez",16.49625
2018,6,3941497.41072577,793698.708167601,23,"Quintana Roo","Chetumal",19.055
2018,6,2101738.43984667,1848371.74595512,8,"Chihuahua","Chihuahua",19.9708333333333
2018,6,2319645.58177018,805748.229520169,6,"Colima","Colima",19.603125
2018,6,3031934.92607954,775293.184192847,30,"Veracruz de Ignacio de la Llave","Córdoba",19.2525
2018,6,2608204.19945602,941888.331500057,11,"Guanajuato","Cortazar",19.952
2018,6,2791114.5052991,774501.176808203,17,"Morelos","Cuernavaca",19.5114285714286
2018,6,1956210.22758575,1427305.21190799,25,"Sinaloa","Culiacán Rosales",20.1833333333333
2018,6,2231692.26181263,1334963.818951,10,"Durango","Victoria de Durango",19.7483333333333
2018,6,2411182.74425444,1239414.14127632,32,"Zacatecas","Fresnillo",20.145
2018,6,2361147.86663081,963499.484024917,14,"Jalisco","Guadalajara",20.4841176470588
2018,6,1627957.24036531,1917722.97151725,26,"Sonora","Hermosillo",19.6475
2018,6,1743835.81743211,1661269.80620711,26,"Sonora","Huatabampo",19.826
2018,6,2760622.6918133,708127.162180339,12,"Guerrero","Iguala de la Independencia",19.9375
2018,6,2467343.99741125,883303.938341952,16,"Michoacan de Ocampo","Jacona de Plancarte",20.38
2018,6,2136102.36450172,1657270.01050409,8,"Chihuahua","Jiménez",20.13
2018,6,1664340.38197233,1293128.47522497,3,"Baja California Sur","La Paz",19.6566666666667
2018,6,2535205.54402173,1012114.65148421,11,"Guanajuato","León de los Aldama",19.80875
2018,6,2947882.28887636,1540622.47741853,28,"Tamaulipas","Matamoros",16.555
2018,6,3794034.2252253,988808.835233028,31,"Yucatan","Mérida",19.065
2018,6,1230401.61821548,2343847.18793759,2,"Baja California","Mexicali",19.1425
2018,6,2557245.81149997,1650039.48973007,5,"Coahuila de Zaragoza","Monclova",19.7466666666667
2018,6,2668509.67675272,1514136.17695389,19,"Nuevo León","Ciudad Monterrey",20.1425
2018,6,2583419.43164608,855908.907037127,16,"Michoacan de Ocampo","Morelia",19.74
2018,6,3061130.5415602,576349.308224229,20,"Oaxaca","Oaxaca de Juárez",19.7966666666667
2018,6,2898744.65799284,787955.881391861,21,"Puebla","Puebla",19.312
2018,6,2665674.3457233,956584.807977641,22,"Queretaro","Santiago de Querétaro",19.6075
2018,6,3215395.82108377,734169.337712915,31,"Veracruz de Ignacio de la Llave","San Andrés Tuxtla",19.6225
2018,6,2606661.83108613,1124653.85352621,24,"San Luis Potosi","San Luis Potosí",19.7763636363636
2018,6,2920333.59535052,1145769.53902347,28,"Tamaulipas","Tampico",19.01
2018,6,3552237.02912155,359973.88281355,7,"Chiapas","Tapachula de Córdova y Ordóñez",19.30375
2018,6,3223657.2254595,498907.911933251,20,"Oaxaca","Santo Domingo Tehuantepec",18.975
2018,6,2420684.25036975,978427.291168657,14,"Jalisco","Tepatitlán de Morelos",20.516
2018,6,2202349.51711982,1057049.66137212,18,"Nayarit","Tepic",20.1969230769231
2018,6,1086040.24633532,2344505.0789417,2,"Baja California","Tijuana",19.9108333333333
2018,6,2894164.25183292,816749.977672606,29,"Tlaxcala","Tlaxcala de Xicohténcatl",19.3091666666667
2018,6,2746870.05917986,812900.272833679,15,"México","Toluca de Lerdo",19.3888888888889
2018,6,2359312.36095972,1500195.40690869,5,"Coahuila de Zaragoza","Torreón",19.6733333333333
2018,6,2878680.20057653,903070.018340528,13,"Hidalgo","Tulancingo",19.24
2018,6,3156089.77095483,737863.131804823,30,"Veracruz de Ignacio de la Llave","Veracruz",18.7725
2018,6,3458492.94141412,697228.698776753,27,"Tabasco","Villahermosa",19.1558333333333
2018,7,2896383.38241936,533867.521866542,12,"Guerrero","Acapulco de Juárez",20.1075
2018,7,2470407.27670716,1096463.03352441,1,"Aguascalientes","Aguascalientes",20.409375
2018,7,2808354.16207239,820000.070810204,9,"Ciudad de México","Área Metropolitana de la Ciudad de México",20.4521875
2018,7,3696713.03075761,917681.049383228,4,"Campeche","Campeche",19.68
2018,7,2601259.6726517,1917420.95398455,5,"Coahuila de Zaragoza","Ciudad Acuña",17.6525
2018,7,2128946.73506821,2134804.33478912,8,"Chihuahua","Ciudad Juárez",16.7725
2018,7,3941497.41072577,793698.708167601,23,"Quintana Roo","Chetumal",19.435
2018,7,2101738.43984667,1848371.74595512,8,"Chihuahua","Chihuahua",20.2641666666667
2018,7,2319645.58177018,805748.229520169,6,"Colima","Colima",19.95375
2018,7,3031934.92607954,775293.184192847,30,"Veracruz de Ignacio de la Llave","Córdoba",19.6825
2018,7,2608204.19945602,941888.331500057,11,"Guanajuato","Cortazar",20.348
2018,7,2791114.5052991,774501.176808203,17,"Morelos","Cuernavaca",19.9564285714286
2018,7,1956210.22758575,1427305.21190799,25,"Sinaloa","Culiacán Rosales",20.59
2018,7,2231692.26181263,1334963.818951,10,"Durango","Victoria de Durango",20.0408333333333
2018,7,2411182.74425444,1239414.14127632,32,"Zacatecas","Fresnillo",20.5075
2018,7,2361147.86663081,963499.484024917,14,"Jalisco","Guadalajara",20.7211764705882
2018,7,1627957.24036531,1917722.97151725,26,"Sonora","Hermosillo",20.0833333333333
2018,7,1743835.81743211,1661269.80620711,26,"Sonora","Huatabampo",20.228
2018,7,2760622.6918133,708127.162180339,12,"Guerrero","Iguala de la Independencia",20.385
2018,7,2467343.99741125,883303.938341952,16,"Michoacan de Ocampo","Jacona de Plancarte",20.845
2018,7,2136102.36450172,1657270.01050409,8,"Chihuahua","Jiménez",20.415
2018,7,1664340.38197233,1293128.47522497,3,"Baja California Sur","La Paz",19.9226666666667
2018,7,2535205.54402173,1012114.65148421,11,"Guanajuato","León de los Aldama",20.23375
2018,7,2947882.28887636,1540622.47741853,28,"Tamaulipas","Matamoros",16.75875
2018,7,3794034.2252253,988808.835233028,31,"Yucatan","Mérida",19.4441666666667
2018,7,1230401.61821548,2343847.18793759,2,"Baja California","Mexicali",19.6275
2018,7,2557245.81149997,1650039.48973007,5,"Coahuila de Zaragoza","Monclova",20.0744444444444
2018,7,2668509.67675272,1514136.17695389,19,"Nuevo León","Ciudad Monterrey",20.4335
2018,7,2583419.43164608,855908.907037127,16,"Michoacan de Ocampo","Morelia",20.1808333333333
2018,7,3061130.5415602,576349.308224229,20,"Oaxaca","Oaxaca de Juárez",20.1433333333333
2018,7,2898744.65799284,787955.881391861,21,"Puebla","Puebla",19.7185
2018,7,2665674.3457233,956584.807977641,22,"Queretaro","Santiago de Querétaro",20.0258333333333
2018,7,3215395.82108377,734169.337712915,31,"Veracruz de Ignacio de la Llave","San Andrés Tuxtla",19.94
2018,7,2606661.83108613,1124653.85352621,24,"San Luis Potosi","San Luis Potosí",20.1090909090909
2018,7,2920333.59535052,1145769.53902347,28,"Tamaulipas","Tampico",19.35
2018,7,3552237.02912155,359973.88281355,7,"Chiapas","Tapachula de Córdova y Ordóñez",19.68
2018,7,3223657.2254595,498907.911933251,20,"Oaxaca","Santo Domingo Tehuantepec",19.315
2018,7,2420684.25036975,978427.291168657,14,"Jalisco","Tepatitlán de Morelos",20.736
2018,7,2202349.51711982,1057049.66137212,18,"Nayarit","Tepic",20.6384615384615
2018,7,1086040.24633532,2344505.0789417,2,"Baja California","Tijuana",20.2183333333333
2018,7,2894164.25183292,816749.977672606,29,"Tlaxcala","Tlaxcala de Xicohténcatl",19.7141666666667
2018,7,2746870.05917986,812900.272833679,15,"México","Toluca de Lerdo",19.7466666666667
2018,7,2359312.36095972,1500195.40690869,5,"Coahuila de Zaragoza","Torreón",19.99
2018,7,2878680.20057653,903070.018340528,13,"Hidalgo","Tulancingo",19.6375
2018,7,3156089.77095483,737863.131804823,30,"Veracruz de Ignacio de la Llave","Veracruz",19.1366666666667
2018,7,3458492.94141412,697228.698776753,27,"Tabasco","Villahermosa",19.5291666666667
